"Function","Random_effect","Actinobacteriota_slope","Bacteroidota_slope","Firmicutes_slope","Proteobacteria_slope","Actinobacteriota_pred_70","Actinobacteriota_pred_80","Actinobacteriota_pred_90","Actinobacteriota_pred_100","Bacteroidota_pred_70","Bacteroidota_pred_80","Bacteroidota_pred_90","Bacteroidota_pred_100","Firmicutes_pred_70","Firmicutes_pred_80","Firmicutes_pred_90","Firmicutes_pred_100","Proteobacteria_pred_70","Proteobacteria_pred_80","Proteobacteria_pred_90","Proteobacteria_pred_100","R2_m","R2_c","pvalue","pvalue_int"
"M00001","Random_slope",0.0855511629518018,0.0779303868556092,0.055994645304382,0.0544004540685768,0.357562028982133,0.566982480146329,0.754926429112976,0.878742281528799,0.648085058212909,0.800582076044514,0.897453060974451,0.950194631163271,0.642215144893276,0.758585103170503,0.846171593158305,0.90592216165713,0.504950387892082,0.637332887953821,0.751720841238085,0.839136312781083,0.0713118293509241,0.0843641931479515,4.77878606143361e-22,0.0175703799354645
"M00002","Random_intercept",0.109040865957496,0.0541961129058693,0.0375124820364374,0.0878673234855769,0.454297285739181,0.712403520766102,0.880533793783722,0.956391006448185,0.718081083826903,0.814107538142439,0.88276569266046,0.928298813433493,0.793878207737522,0.848590372717083,0.890777975758148,0.922287243672718,0.54492313185401,0.742471029424264,0.874079972078604,0.943544888316366,0.0164057882036,0.0224950384303159,5.03739215021786e-31,7.11393062428558e-05
"M00003","Random_slope",0.0946950278683307,0.097898357800591,0.0568867484342318,0.0711414682372552,0.482003658699724,0.70577128193755,0.860792048503628,0.940968272111509,0.629134493303436,0.818688801082476,0.923188050346974,0.969688752776735,0.649744958252774,0.766165717641653,0.85266443085421,0.910887581549294,0.600907869003468,0.754111863454415,0.862009172544225,0.927135176097285,0.0844505281208192,0.100552518987042,1.10385380405448e-16,0.000618294066354401
"M00004","Random_slope",0.0924429965586026,0.04859215397307,0.0361934076932343,0.0362529763092058,0.248257510942495,0.454253961859337,0.677199769331677,0.840956558776369,0.360729034268315,0.478443422869851,0.59860158301801,0.7079737429334,0.440291648003032,0.530451160410363,0.618665937231264,0.699690340631392,0.480862928841708,0.571002884649658,0.656666461360601,0.733216508063042,0.0266849893430297,0.043791218621601,3.87882441995311e-11,0.000440182386909969
"M00005","Random_slope",0.139462747975768,0.117701731314078,0.130996048257374,0.0355548911215754,0.422753182768211,0.747088884476654,0.922568899189178,0.979615813142995,0.65033976117372,0.857850474509978,0.951411862022637,0.984504440942117,0.576446453841058,0.834541628284472,0.949219299018906,0.985770186687805,0.641854974686741,0.718892220186078,0.784911635099393,0.838900661273792,0.0745901021866332,0.124413770303136,9.50077240520257e-06,0.020186904052575
"M00006","Random_slope",0.0575381046759254,0.069441036140134,0.0473689908567605,0.0615464258375312,0.122214946725119,0.198413548031516,0.305581496320962,0.438937011676895,0.0549084925039247,0.104218826480947,0.188958316649108,0.31812919187522,0.1156914788393,0.173619511738288,0.25227807344583,0.35141862545375,0.0828476484376328,0.143219176059151,0.236251483405754,0.364038715567806,0.0320810364398947,0.0972772897970453,5.51775098780668e-05,0.754635120578198
"M00007","Random_slope",0.133696272264039,0.0583287201033196,0.0454013624842449,0.0514447260529692,0.271209719287564,0.586246292022861,0.843622455826189,0.953575645417184,0.449112955193684,0.593639573293621,0.723585875431033,0.82427823046664,0.539577044026654,0.648545901982189,0.743962610820924,0.820638727469362,0.60872029868191,0.722397135646005,0.813183623209396,0.8792426775596,0.0406679342513461,0.0591550050635238,2.01911226767596e-08,0.00157303926750603
"M00008","Random_slope",0.0839931690851524,0.0418668201676097,0.0438385971863285,0.0399983827488931,0.0346039202011081,0.0766584198032018,0.161283629387738,0.308151295792214,0.115500488979374,0.165608106455183,0.231758048071931,0.314375365987575,0.11875763692873,0.172807101811796,0.244627198275132,0.334235533247318,0.154116749707512,0.213713131392056,0.288495292959976,0.376901804526754,0.0306790652544655,0.0581211778444615,4.49094832835108e-05,0.401217434964589
"M00009","Random_slope",0.0385627720436056,0.0382358755311751,0.0283774752530245,0.0289186415159373,0.260438933089695,0.341175377190207,0.432309893701614,0.528268501575973,0.314909621077699,0.402536760765571,0.496863146524711,0.591413351299718,0.192448539422319,0.240415437601039,0.295956327888399,0.358276214323244,0.363708738005843,0.432878463882182,0.50476730295789,0.576459563556233,0.0500179101001089,0.102503700705194,0.00244316807380052,0.558604238459783
"M00010","Random_slope",0.0649827197695413,0.0740273331294882,0.0395628864116649,0.02389401156607,0.180252794198121,0.296335685598704,0.446460709865529,0.607030220331307,0.0153023232227811,0.0315520347602016,0.0639370727475868,0.125262751403477,0.16368175117679,0.225227862851527,0.301571117442604,0.390740976306723,0.302370590997415,0.355008701431748,0.41140640449096,0.470231673756778,0.0852787063303963,0.108911960529849,9.79881739843475e-05,0.21556078458361
"M00011","Random_slope",0.0227104192021171,0.0497266423247513,0.0226480547906746,0.0332797880548226,0.317665929047833,0.368789148685253,0.423038902095097,0.479210365822499,0.510641327416106,0.63177476913399,0.738290947487911,0.822644944936123,0.207305300718632,0.246983610014042,0.291463979905084,0.34033450248511,0.403845624964139,0.485836519416987,0.568596892686697,0.647695923987673,0.136304706498384,0.203025715279809,0.0135643711262597,0.0711272806595657
"M00012","Random_intercept",0.0694250340071909,0.0483721094090312,0.102868034573987,0.0229562407782221,0.0537461013195968,0.102110682932487,0.185466827823476,0.31313813697788,0.0779043166829694,0.120527268457983,0.181870544364332,0.265026553318317,0.00111789707650757,0.00312090303751418,0.00868162733241598,0.0239126048004176,0.211321489956466,0.252105223323857,0.297788040698704,0.347898165987334,0.19454991430513,0.277896925641754,1.38848187043584e-09,0.0155974100284401
"M00013","Random_slope",0.0270619555429931,0.0197346669282905,0.0349617654899652,-0.0129582087107119,0.0378774032824213,0.049071166160138,0.0633551456936353,0.0814409106189477,0.00868605740418223,0.0105610488970359,0.0128355396118801,0.0155921589525418,0.0344823686602053,0.0482182319238627,0.0670457518082311,0.092510213383243,0.0520879597999474,0.046048836771274,0.0406798464581608,0.0359132784431215,0.0299592094660996,0.0489683840842499,0.0704428161429795,0.280133468947973
"M00014","Random_slope",0.0679692104815975,0.0271123108949263,0.0327064261652909,0.0375059168875031,0.0245475601513913,0.0473086947198404,0.0892436833516757,0.162028394278858,0.061454588303632,0.0790802577423506,0.101215942462685,0.128681926905269,0.0646146523492996,0.0874278620794597,0.117285689400057,0.155601722500001,0.0580635681412721,0.0823120264368181,0.115445962765126,0.159598043512948,0.00953506942876049,0.0197507606136477,0.00313625037023757,0.423132616331125
"M00015","Random_slope",0.0767397088081726,0.0526949553789392,0.0669707075343398,0.0307283918877074,0.419488997840859,0.60886067369753,0.770285275137252,0.878395162110622,0.257495962079988,0.370033123500984,0.498718712149332,0.627574270932598,0.41852691100099,0.584405137736459,0.733135724429642,0.842943950795482,0.486237464458259,0.562722810394649,0.636337718332594,0.704076847022098,0.0652427819389996,0.123051872020065,0.0060102390529237,0.229910270614913
"M00016","Random_slope",0.0535190793134162,0.0387095372165847,0.0330099568969865,0.0381326662794659,0.340686089608579,0.468778803758643,0.601122242987526,0.720175862416228,0.325956737763142,0.415946909182928,0.511913023592212,0.607008899699296,0.39181819863876,0.472633294510883,0.554908470909946,0.634280075029561,0.367688175748346,0.459881236782273,0.554904186276175,0.646075453604669,0.0185569831629016,0.0313747087415581,1.42216913046987e-05,0.293464787328676
"M00017","Random_slope",0.0462589795541622,0.0360296406044091,0.0335600572821042,0.0335532905046646,0.282618665394896,0.38487207825277,0.498417645612891,0.612126654778832,0.285463594942995,0.364190239174503,0.450926829083335,0.540751846939367,0.323856579430158,0.401191283418055,0.483779866762549,0.567264074744306,0.288443189399842,0.361831388025736,0.442285569178425,0.525887232650295,0.0185272419411594,0.0367744969764382,0.000159955834314296,0.778577047559707
"M00018","Random_slope",0.0453703794545371,0.0483338403991965,0.0447344285854825,0.0252921788647409,0.513763199904745,0.624518207950796,0.723616927528579,0.804738562859991,0.284774106338461,0.392321627584907,0.511441661405041,0.629276219030277,0.376433192873138,0.485661174438076,0.596276260411574,0.697899958027167,0.472351277220771,0.535493690129814,0.597518413506878,0.656572600706753,0.0297167488173423,0.0530830264673229,0.000349907943133408,0.378092136218303
"M00019","Random_slope",0.0772194489233904,0.0788345965677331,0.062534487358589,0.0482500339331493,0.364240657968968,0.553590657279071,0.728570839983102,0.853156820653526,0.226976663215386,0.392428367284406,0.586915794732172,0.75760175897834,0.347164736421328,0.498454871031987,0.650028466457282,0.776347932412507,0.307122138302346,0.417971081997852,0.537775989891891,0.653371616459131,0.0545218418558929,0.102624163094047,0.000274448766483753,0.221580983433368
"M00020","Random_slope",0.0703881209885949,0.0277206377459461,0.0327523786253985,0.0298585224549767,0.281561950773732,0.442050143643937,0.615628801264066,0.764032572752993,0.420159899014552,0.488774224433056,0.557814188117706,0.624689749139656,0.233335680541418,0.296911812862881,0.369462502359746,0.448434100062353,0.406411369940033,0.479951894241635,0.554371596440013,0.626430790123203,0.048434549019377,0.0733773470222811,0.00248291731064594,0.258052749794329
"M00021","Random_slope",0.0314933356712774,0.0491578439268271,0.0717992631216505,0.069944871216214,0.441232364321036,0.519682645735018,0.597174198188905,0.670100138195417,0.257317610498188,0.361610973157175,0.480809320781539,0.602232997211479,0.44986087873817,0.626389790808087,0.774649280736797,0.875745656071404,0.237985103767876,0.385964035025853,0.558515486013218,0.718005186701896,0.0923066607745481,0.139344610896326,1.11474592973275e-05,0.218124581217437
"M00022","Random_slope",0.0842595896393634,0.0458632061236702,0.0745527363409178,0.03459930650757,0.536616820590805,0.728954747971653,0.861990504450953,0.935506138588561,0.494021584294171,0.606999541865875,0.70958087074083,0.794453370995286,0.525251517127748,0.699857511859326,0.83091792856401,0.9119495049842,0.457409526836225,0.543692605943639,0.627430754131516,0.704163463722872,0.0573654999752411,0.108200045496026,0.000807439219810989,0.0049986949321211
"M00023","Random_slope",0.0583025518669658,0.0536471345381844,0.0445249199330426,0.0285941613541167,0.156963873451461,0.250120707352767,0.374035464062612,0.517014032943608,0.179238073112727,0.271891536198094,0.38969951708803,0.521959835847599,0.198677557012732,0.279019378512524,0.376581905610187,0.485296084812787,0.340770623129694,0.407594070681137,0.478019495204416,0.549329727833369,0.0347692297846547,0.0732587364274213,0.0060552257941229,0.488749327087431
"M00024","Random_slope",0.0359159161743982,0.0237092809408704,0.0240755894727243,0.065173361921967,0.264297207822405,0.339708657895052,0.42422972467833,0.513428150243261,0.351396252871861,0.407136748018805,0.465375048349192,0.52457292983283,0.266476073152767,0.31608556454028,0.370268768147211,0.427928446834639,0.1979323622804,0.321358877228356,0.476068216813818,0.635511059695484,0.0236926854610229,0.0414943228736569,0.0175654356203755,0.20619923036732
"M00025","Random_slope",0.0431457632472283,0.0264785441828326,0.0237572675687284,0.0611119784078902,0.233505056041592,0.319261713573525,0.419285028339979,0.526412522254166,0.32992327574335,0.390848581006474,0.455378725786765,0.521442898488519,0.285177964657981,0.335960618351887,0.390841869907837,0.448631344489154,0.159538058403526,0.259119618228761,0.391876892889936,0.542817418743247,0.0173352818038123,0.0411229632280651,0.0346285133221128,0.280228920354561
"M00026","Random_slope",0.0440648531848953,0.0516900903537271,0.0586617608786624,0.0330665738078494,0.447449486385311,0.557165775070083,0.661573881683402,0.752308859963037,0.237350757345178,0.342908804732544,0.466685089001533,0.594703371058574,0.286010830534333,0.418673664466485,0.564242223539378,0.699520320022486,0.471128675419016,0.553556712389902,0.633141464886275,0.706072193367656,0.0485995421335951,0.0854011526447755,0.000237719645572674,0.108306696623682
"M00027","Random_intercept",0.00816707469188834,0.0591384664661622,0.0702253055280967,0.0334462285346075,0.0597278231472723,0.0644828201957787,0.069588351695752,0.0750656858812875,0.0461599196123425,0.080394464988498,0.136388590359248,0.221968738286848,0.00368579768492299,0.00741121076706891,0.0148459694953696,0.0295173145692609,0.0825573087287737,0.111685880373049,0.149418029444418,0.197069681128792,0.0863964723275965,0.140756815527869,8.05695062314225e-05,0.256643021367247
"M00028","Random_slope",0.0616511097328041,0.0291530050741916,0.0526958648717209,0.0397042655091071,0.479620469324285,0.630636363666396,0.759777287331706,0.854205036838074,0.11493248542123,0.148073812473925,0.188733757857985,0.237446758951158,0.371361682507327,0.500144760624601,0.628908634670674,0.741637384682678,0.301660064168591,0.391178159101591,0.488671958804176,0.587035275244512,0.129339529841171,0.184593747673081,0.00898665421568411,0.246601225159812
"M00029","Random_slope",0.0411344666964606,0.044722113240509,0.0326168666951173,0.0285930866634219,0.288009236616464,0.379015806008143,0.479415877310257,0.581506699993567,0.125996681823961,0.183980651647497,0.260689811381943,0.355450596456328,0.288657686526881,0.359912580458348,0.437928127764511,0.519139080071041,0.245476621032413,0.302176760897673,0.365627140012624,0.434112408349716,0.0291174227932437,0.0477408842025732,0.00250403976742622,0.660505882980258
"M00030","Random_intercept",-0.120941339421659,0.00770014516717622,0.0602097879510798,0.0538237038479904,5.97941894737432e-07,1.78409346336985e-07,5.32324056421165e-08,1.58830735034382e-08,0.0794391829849595,0.0852556777901363,0.0914557429266674,0.0980583624462939,0.00665854683306283,0.0120916437936323,0.0218603610987556,0.0392079087482292,0.000626609127258898,0.00107289225249806,0.00183644275879991,0.00314168398553348,0.166747727502883,0.172954213269509,3.15042728442625e-08,0.0100801836438393
"M00032","Random_slope",0.0212732041985086,0.0139115375525655,0.0360415392261916,0.0143651281697716,0.079796613689381,0.0968800637476177,0.117155231450799,0.141011083777223,0.249541254666378,0.276488931801884,0.305163328140948,0.335432813575328,0.0442591802742924,0.0622684661068596,0.086939222172627,0.120132315127044,0.114572783691549,0.129971735592004,0.147096521079868,0.16604700523235,0.0512173759034885,0.0751301661161378,0.000941991532096475,0.245598859066242
"M00033","Random_slope",0.0118762187808478,0.0127590881716411,0.0142100257323591,0.0166553293727307,0.251818261224927,0.274845406083127,0.299136344413,0.324613097944197,0.157308199620579,0.174970251727028,0.19415844431624,0.214902797886192,0.195931525861136,0.219288249052025,0.2445823565926,0.271778389914278,0.202345283903796,0.230560866824965,0.261421438271161,0.29482992054625,0.00469250524912515,0.0127697900001505,0.0299838095042049,0.993810066831436
"M00034","Random_slope",0.0322555506084222,0.0200108218664895,0.0204429265639067,0.038674306906454,0.118725816500156,0.156831277913743,0.204331167467657,0.261751384498054,0.148364612881652,0.175465372645136,0.206317182149845,0.241008022677998,0.2217187765897,0.258985358272092,0.300100446273009,0.344706403241967,0.173323422928014,0.235860267803938,0.312433253125623,0.40082591267275,0.0133145514118834,0.0184703742400255,5.62013414221295e-07,0.322293046239595
"M00035","Random_intercept",0.0153824080111378,0.0153205435688155,0.0186367243831724,0.0196649811914419,0.363585397551447,0.399868762549475,0.437285060584796,0.475428858056338,0.355736749661855,0.391571567462908,0.428614657892194,0.466475344059836,0.292831156729784,0.332853763077524,0.375442333154974,0.420049172888562,0.313141103252197,0.356904460084595,0.403193737234551,0.451273749154013,0.00762823906699748,0.00980660419558719,3.46538294935042e-08,0.986176415379071
"M00036","Random_slope",0.014860886698549,0.0309121813212991,0.0242017961904575,0.0147847495809829,0.211342977033971,0.237173194090034,0.265099186745609,0.295041558615331,0.185955073065515,0.237327323781067,0.297701581898077,0.366062794608143,0.124190320758104,0.152993152890858,0.187049391389993,0.226657898795924,0.169113364830002,0.190914860144642,0.214800339592062,0.240784816297698,0.0208656634448358,0.0573127281085923,0.00387807470004492,0.716311047665283
"M00038","Random_slope",-0.00538341867046173,-0.0562961935055903,0.00628625078189513,0.0202447536213774,0.0347425373942116,0.0329817096384875,0.031307229982347,0.0297151512290367,0.0312054979489864,0.0180141355304754,0.0103395854557141,0.00591492468852198,0.0282869581796546,0.0300670466685116,0.0319554716412919,0.0339583506332659,0.0212935560238654,0.0259477583595969,0.0315864134954945,0.038402084903464,0.0093289298162139,0.0207157039481095,0.836903668651119,0.217313233586384
"M00039","Random_intercept",-0.0087456416313508,0.0139295054719772,0.00398844195848827,-0.01024209699746,0.0191006585300777,0.0175291846949284,0.01608488105246,0.0147577921486012,0.0721606583964341,0.0820609643319923,0.0931831587606934,0.105639325481102,0.051105623488254,0.0530747663905139,0.0551153750585938,0.0572296989327634,0.0156649892636124,0.0141615908177474,0.0128006000309583,0.011568871496137,0.0139672346090601,0.0153150366036617,0.270781295234947,0.788715981589903
"M00045","Random_slope",0.0273039944402514,0.0211570043633759,-0.0157251901881003,0.0392863022111098,0.0562200988067617,0.0725893178674707,0.0932537160629906,0.119045644569743,0.539457657162586,0.591393623843101,0.641366385370472,0.688447162574657,0.102004181700649,0.0884746363502792,0.076586563859786,0.0661798819575903,0.0940713717895564,0.13330542236811,0.185551199589909,0.252312315130656,0.192214098293678,0.298777670951529,0.772743622701213,0.00220002040774639
"M00046","Random_intercept",0.110466408160617,0.243535294060547,0.0152565989455866,0.0798760238314568,0.00269002034357211,0.00807520693009732,0.0239818306598886,0.06904061908872,8.23541959776388e-06,9.40391747178692e-05,0.00107286186180805,0.0121164692423742,0.0454828058158702,0.0525850502292506,0.0607257705049364,0.0700336000982028,0.0208501081967664,0.0451930714662751,0.0951938723325159,0.189533397467403,0.086969668751126,0.0958069461174807,0.00870045399100541,0.0713359906922405
"M00048","Random_slope",0.148733123689961,0.13969431960194,0.0912328372050639,0.050775619714151,0.382565779834101,0.732757692488943,0.923860264126967,0.981716827201731,0.43796978692448,0.75906084680784,0.927201847810061,0.98094943040457,0.440718393273966,0.662416441727944,0.830110378403199,0.924053309339226,0.423391716282485,0.549559446511381,0.669659854582667,0.771077123064851,0.125003629092229,0.177690902227136,5.34123329904532e-07,2.76847329672735e-11
"M00049","Random_slope",0.0978906987700183,0.109521138679376,0.0835534662983626,0.0503073611184428,0.560455253504041,0.77240070694121,0.900323469147649,0.960064347709099,0.546669063392765,0.782863574248485,0.9151065827061,0.969905475491882,0.551940992931271,0.739630867734288,0.867563512753266,0.937912978441296,0.523852014569576,0.645325446851816,0.750564973067271,0.832674440235172,0.0988747986706739,0.12515434544545,7.04065493817135e-18,0.0155796041472715
"M00050","Random_slope",0.133723318581961,0.127455272615589,0.0874431236036622,0.0661023632637355,0.550053821017742,0.823191457699281,0.946614589260884,0.985408077340066,0.555352881895565,0.817108003609949,0.941112188019589,0.98280819122538,0.524797872592624,0.725857202437824,0.863908030216733,0.93834519040645,0.466478494749975,0.628721554981246,0.76634016786754,0.863984201430955,0.139996931612887,0.198176878170914,3.03453373540543e-10,0.00810302052881427
"M00051","Random_slope",0.152577550966758,0.112319532219419,0.0739201663157956,0.0427624586833532,0.390441063990129,0.746553949634057,0.931252649222176,0.984200757814873,0.722813007935887,0.889107169733664,0.96101634118106,0.986978471252665,0.621992847620933,0.77507924572862,0.878298886422656,0.93794210385744,0.450878061503902,0.557371456434162,0.658839199482415,0.747580605113531,0.0775529509587013,0.113659293037386,6.49000509491869e-07,0.0036307772732113
"M00052","Random_intercept",0.0177662341658997,0.0511780746653925,0.0306788909249228,0.0671724364931487,0.594048322744483,0.636079675883846,0.676131763927367,0.71375947081541,0.642599938037633,0.749969067252089,0.833443048185366,0.893023987403742,0.446419360872342,0.522894045217916,0.598310192583738,0.669343670173154,0.513843378215319,0.674171208509173,0.801999177600343,0.888008741033451,0.0805001233355914,0.0878396521249297,4.53600361571835e-19,0.0623429772028962
"M00053","Random_intercept",0.0652387755993641,0.0327930045560563,0.0210054388848312,0.0422012139999846,0.342478226244791,0.500029489796481,0.657574897505462,0.786657394259362,0.483430545983851,0.565036436191285,0.643263723311734,0.714530000749552,0.339464579522775,0.38802379162538,0.438913590210836,0.491121440236057,0.537407342582155,0.639206461057582,0.729864213421968,0.804702074904814,0.0602279284727294,0.0764176494302129,8.73233716399837e-28,0.000289167277227643
"M00055","No_random",0.0240521690141171,-0.0562048674109737,-0.0323256688630738,8.54732951083292e-13,0.00102621830297306,0.00130489578911874,0.00165912460697013,0.00210930977515307,0.00582745077876175,0.00333022438999518,0.00190108333734849,0.00108458014729458,0.0189893826148744,0.0138167582718965,0.0100387157127348,0.00728610540363206,5.32451148344566e-10,5.32451148349118e-10,5.32451148353669e-10,5.3245114835822e-10,0.118002648079802,0.118002648079802,0.00015105032777618,0.919513804553777
"M00060","Random_intercept",-0.211019889346059,0.0413593766765845,0.101944993360343,0.0549214963048907,2.03955148723644e-09,2.47221899482594e-10,2.99667195802595e-11,3.63238161388563e-12,0.463405711246757,0.566345064534308,0.663861033529267,0.749160873664638,0.00144252266097576,0.00398800437374431,0.0109758817665259,0.0298412374956058,0.536914501339264,0.667553841353984,0.776668619596729,0.857609069153284,0.729486385228632,0.737837799564995,7.20955778565123e-23,0.00857803881052206
"M00061","Random_slope",0.0891143930446873,0.0310926323183618,0.0362473671386494,0.0243448870442879,0.0253280949476617,0.0595779780287942,0.133785036838253,0.273536164007464,0.257596792684716,0.321350877537307,0.392540852388396,0.468611832800383,0.227109435819572,0.296873270321972,0.377597511886525,0.465732689301082,0.193153420954658,0.233939275397924,0.28034498924371,0.331966973679058,0.0411527946606342,0.0628893440832116,0.000350486368022455,0.104377154456433
"M00063","Random_slope",-0.0429877319211797,0.0602096180424575,0.0458920257064763,0.0700383035949863,0.015926980726181,0.0104199043764876,0.00680384582156188,0.00443705498487417,0.642236938371708,0.766236787007619,0.856838824076718,0.916167228398888,0.0277119924632167,0.043154032979796,0.0666113748740209,0.101467344441565,0.504057979573974,0.671861250417031,0.80486742052983,0.892581114278954,0.468265816007443,0.50273913061683,0.00266669353665815,0.243320292114612
"M00064","Random_slope",-0.199059413225694,0.0574960428531368,0.0322083849702954,0.0530265386940384,6.78412220440231e-09,9.26807666495609e-10,1.26615119900657e-10,1.72974276712654e-11,0.00889662304614049,0.0157012884396479,0.027565808650226,0.0479588098073248,0.0477487020735835,0.0647189372679163,0.0871684121485958,0.116435632524172,0.361234629292156,0.49006527566059,0.620229219898661,0.73512580018945,0.55182150740756,0.564375176590054,0.00092339977419969,0.455644975612057
"M00076","Random_intercept",0.0932561356445657,0.0488821396507103,0.0400386696741323,0.0329346611576602,0.00231762018368741,0.00586813649615653,0.0147773598037383,0.0367133697554891,0.019380246459394,0.0312160556349014,0.049912260830126,0.0788942675952279,0.00937433273711599,0.0139259885569376,0.0206416255493669,0.0304956401022236,0.00567615114679286,0.00787275771720237,0.010910099089401,0.0151014223466727,0.0092577434654013,0.00925774463160224,1.59269759882377e-05,0.866162281099737
"M00077","Random_intercept",0.0940227186829914,0.0751534303976507,0.0404499583654418,0.0331145517961997,0.00345374252355404,0.00879611642896412,0.0222180264559735,0.0549842109213871,0.0104159672111367,0.021829740857533,0.0451796630679965,0.091177484503794,0.0140365321387243,0.0208883038540192,0.0309795992379926,0.0457184340614378,0.00850838863023,0.0118090192707883,0.0163689138211217,0.0226491945929092,0.00961845562298289,0.00961845793100178,1.30021568539203e-05,0.626173388152562
"M00078","Random_intercept",0.037004135172557,0.0327358101183308,0.0473863005078812,0.0103882209508108,0.00682694249324359,0.00985388568168707,0.0142037271502779,0.0204341096924495,0.0678315476748209,0.0916936944666246,0.12284396237255,0.162681278821037,0.0069862074157756,0.0111738344550791,0.017826520157895,0.0283266205019589,0.00805661475489399,0.00893069398001224,0.00989865759356961,0.0109703737492191,0.0280568355652571,0.0280568355823307,8.76236887598247e-08,0.688768120582766
"M00079","Random_intercept",0.001243822074819,-0.00729882583773575,0.0377553059916614,-0.0270731063083553,0.0624789687393321,0.0632115189196783,0.0639520721786079,0.0647007021575394,0.174173130525049,0.163923042139233,0.15416356406968,0.14488444502038,0.028334092372167,0.0408009514047214,0.0584233481676181,0.0829984604651628,0.016318920840219,0.0124967944102849,0.00956116395122874,0.00731003955843248,0.0320898589975721,0.0320898590320716,0.000237982497973193,0.00779222795446262
"M00081","Random_slope",0.218157885731889,0.00439443413924928,0.0859380171369074,0.0756903290398356,7.38637922922122e-05,0.000654074453220462,0.00576564324935703,0.0488704496235031,0.073554758423347,0.0766060106764073,0.0797729383403712,0.0830590118319175,0.00511232542201378,0.0119902908769085,0.0278625117005593,0.0633974753093978,0.00651947855399792,0.0137955614366718,0.0289554620118711,0.0597649691183486,0.0417388239479864,0.0565717061896257,0.0524367886023783,0.0049096533017337
"M00082","Random_slope",0.0652472321589606,0.0319612893140819,0.0228422828120351,0.0895895586246152,0.0987052406731994,0.173758315114639,0.287665416374669,0.436770980449648,0.502102835215452,0.5812785770973,0.656477808490512,0.724571039200866,0.523549018678284,0.579979355437941,0.634393422814402,0.685579736525283,0.779866268688851,0.89667209934732,0.955069977800495,0.981156685455769,0.122992103085684,0.211439688303483,0.0316814598705972,0.365147179463963
"M00083","No_random",-0.00734540844277442,0.161667923444118,0.0351892833403803,4.22620011902852e-11,0.607054520743317,0.589401956452777,0.571516118524055,0.553441459565925,0.916436425085189,0.982216910868456,0.996417992517902,0.999286719792932,0.730578756486007,0.794040309438182,0.845710525248219,0.886274535231394,0.999999976495372,0.999999976495372,0.999999976495372,0.999999976495372,0.659603172565794,0.659603172565794,0.000174381440205442,0.335191696425629
"M00086","Random_slope",0.0747698114471969,0.0424078661271211,-0.0350107053837675,0.016864133103692,0.17743340189042,0.312998947282152,0.490391712250224,0.670237677434426,0.274270424715665,0.366100108150411,0.468814143246987,0.574240360677083,0.0478275265098683,0.0341828029406403,0.0243313128474179,0.0172682607112444,0.492679731723692,0.534783266662291,0.576396885993925,0.616954342010882,0.227798525114874,0.270694868470282,0.564909151608994,0.0493458982761205
"M00087","Random_intercept",-0.0162025623378031,-0.0580792009974743,0.025750068589452,0.00432263369009327,0.165623233199108,0.144427256656349,0.125535756356635,0.108801079655953,0.0215792065490404,0.012188468099901,0.00685571281623276,0.00384708262760207,0.0342723415249597,0.0438960407860719,0.0560651979088147,0.0713561904665899,0.304718154654097,0.313952817410626,0.32333719374141,0.332865977670416,0.10373449254004,0.156546261288862,0.116233010300993,0.19039962956515
"M00089","Random_intercept",0.003661733044081,-0.000782049161533634,0.0146472785784592,0.0081954529169237,0.346337192745843,0.354672878702778,0.363097745831342,0.37160749663192,0.281068811142774,0.279491240247959,0.277919100959433,0.276352413101013,0.356807415211161,0.391079888837105,0.426461631632364,0.462612504068313,0.360034775471457,0.379126206064891,0.398599450620934,0.418398877731523,0.0169477565424335,0.0169477602009827,0.00011906445598091,0.517149601455823
"M00093","Random_intercept",0.0314699788123006,0.0610047500291183,0.0250451370314244,0.0790890800412068,0.174164983720706,0.224141572054184,0.283535288113699,0.351536398133054,0.624090991035459,0.75343118434081,0.849033932566207,0.911902712099003,0.327274315996366,0.384595517553965,0.44531062547893,0.507703183506019,0.666523580423104,0.815084701525975,0.906724820251102,0.955433204248775,0.2118834376576,0.218848623666109,1.7089545199716e-14,0.00680613502908399
"M00095","Random_slope",-0.00873157667660732,0.0142945656840412,0.0352008768342811,0.00474999909070226,0.129948886386671,0.120391653897709,0.111447282434732,0.103089543187025,0.0923011159876049,0.104995541834586,0.119206580879307,0.135050832438302,0.07364544925026,0.101562212190753,0.138479427754588,0.186037142854092,0.0931973830553544,0.097289997364489,0.10154220748969,0.105958452381605,0.00876972135226747,0.0450602878957407,0.0107943144134584,0.0224901617328752
"M00096","Random_slope",0.0423496894541784,0.0538102552787589,0.0364785620381758,0.0418864368230869,0.392008671971685,0.496155135215255,0.600636316669087,0.696696099104122,0.534994213521969,0.663361097605452,0.771431368430099,0.852521212517241,0.506665795795159,0.596631800751086,0.680535972211759,0.754178168057903,0.410793374810408,0.514540346489147,0.617049180609421,0.710107566647047,0.0337878863898684,0.0607035978085525,0.00133802818845144,0.234180762641439
"M00098","Random_intercept",0.0760822851252048,-0.161699938401962,0.016686444234254,-0.00840954373974263,0.0499312218341452,0.101099694094862,0.193997404536441,0.33997192504293,3.0659393003546e-09,6.08568744655001e-10,1.20796884725891e-10,2.39773854341592e-11,0.106865018669241,0.123867297884759,0.143141111593382,0.164849657591949,0.0855436410620248,0.079190377275065,0.0732711584130843,0.0677618225477304,0.871906945452075,0.87698716719437,0.0130166351933874,0.237116960292116
"M00112","No_random",-7.22662864628887e-08,2.7052925413625e-12,0.0179692308881224,-1.43256282963008e-12,5.26209595770016e-10,5.2620921549802e-10,5.26208835226298e-10,5.26208454954852e-10,5.26208860064209e-10,5.26208860078445e-10,5.26208860092679e-10,5.26208860106915e-10,0.0162418069167607,0.0193770391604277,0.023103266860949,0.0275259389088077,5.26208860115761e-10,5.26208860108222e-10,5.26208860100684e-10,5.26208860093146e-10,0.507260580430492,0.507260580430492,0.14898004527853,0.99999999999777
"M00114","Random_intercept",0.031279253805106,0.0119117432344162,0.0105874933367114,-0.00281903319653348,0.112366750617161,0.147543638655416,0.191358740407651,0.244454103271344,0.224943268540791,0.246387916797814,0.269166968797702,0.293232551160654,0.140832834977571,0.154137082950245,0.168451742287461,0.18380691971866,0.238446754690997,0.233365477277703,0.22836001200371,0.223430619075068,0.0102602369280172,0.0111213966388744,0.000942719439753652,0.316332352031805
"M00115","Random_slope",0.0329165351736211,0.0724626690895527,0.0495423723589122,0.0307956560517368,0.327077230123466,0.403171229816097,0.484229347002397,0.566125830276272,0.574059427871589,0.735568178900174,0.85166076070013,0.922177932978024,0.272136327958372,0.380273647073205,0.501759199405912,0.623037395172192,0.227303091628818,0.285845885694397,0.352586452331097,0.425622789078534,0.150146875754499,0.168533027763266,3.8296672807204e-07,0.0468298101153957
"M00116","Random_intercept",0.010821201726097,0.0393498090385207,0.0943586998304118,0.0489284627332555,0.229249788372086,0.248927567226138,0.269703360117731,0.291540058046049,0.415348502646894,0.512897159728538,0.609473151139134,0.698169490996679,0.00480503732061533,0.0122526240240765,0.0308853831335794,0.0756822071213396,0.193259294205531,0.280963995211739,0.389265601267904,0.509719863384468,0.295157000819978,0.35989746561248,3.52877113107619e-18,5.06576537978986e-05
"M00117","Random_slope",0.0149212923173614,0.0308006259096934,0.0278943442169578,0.0288495149463059,0.0221091780925814,0.0255759957499883,0.0295699878209431,0.0341658198160275,0.0840277117985827,0.110973737225269,0.145191122745875,0.187731120755087,0.0072486788040849,0.00955852321327687,0.0125950781209644,0.0165801383764786,0.182416761552195,0.229424506713446,0.284333088921423,0.346474279927259,0.149490094408497,0.210839071756388,0.01676988705495,0.942575535857112
"M00118","Random_intercept",0.0563612090262572,-0.177143737900035,0.0368992465425449,0.0277168334688113,0.0188216947839508,0.0326052937197624,0.0559078045808442,0.0942418695351684,1.46034441871349e-09,2.4838754609816e-10,4.224782332442e-11,7.18586178487665e-12,0.0254621269050208,0.0364115312006555,0.0518191086924701,0.0732507967506731,0.178707445353893,0.223053305040368,0.274722542288805,0.333227316105406,0.84807185152728,0.862751858022652,0.000943383803501055,0.915247104631897
"M00119","Random_intercept",0.0444791482755749,0.0679459668906248,0.0246695592413754,0.0193877609280433,0.111700876951792,0.164009554791207,0.234351508625271,0.32319889543436,0.759685005121544,0.86181092046553,0.924831039666013,0.960430855094993,0.104788807801428,0.130287732702857,0.160876419090178,0.197019786247188,0.357568609429964,0.403222661191918,0.450617130312173,0.498925016678598,0.348839601777345,0.409859529485375,0.00189093655751482,0.529914212755223
"M00120","Random_slope",0.0834879348574103,0.135957789381431,0.0659101145182742,0.0583033254670788,0.490843237176841,0.689599629838525,0.83659763147681,0.921868328202639,0.607213862288301,0.857562855320938,0.959096323340902,0.989167892666778,0.524316939092354,0.680581559484039,0.804639352569041,0.888414568245261,0.393806738294298,0.537851114969867,0.675841927212492,0.788808986076751,0.111078457771039,0.142597430937229,1.16979255322096e-05,0.00682031744086653
"M00121","Random_slope",0.0349399967598503,0.0150549217338742,0.0198158112580226,0.0387755192571678,0.218687219260792,0.284157175680578,0.36019148681263,0.443953235524769,0.264120582537891,0.294399546267764,0.326609070394494,0.360541912469605,0.291332859040322,0.333863724563979,0.379280499251032,0.426915972469562,0.418321419167667,0.514517729778166,0.609650283086155,0.697115092291918,0.0234352957535559,0.0671257596519807,0.00344513270042799,0.0803176324987013
"M00122","Random_slope",0.094658311722676,0.136889954332423,0.0336983317474116,0.0246810094259336,0.0141409185782793,0.0356447563982146,0.0869645162150851,0.19707270417202,0.0138679797269036,0.0523859868513835,0.17851976006207,0.460703946940433,0.250762000840911,0.319174276472308,0.396376589377998,0.479111552250152,0.122261383308093,0.151308171216442,0.185795127523723,0.226048903729061,0.0801027926296927,0.142047681177702,0.0625173177119236,0.0328884146199142
"M00123","Random_slope",0.0105867136133793,0.0877550897902388,0.0416588824867472,0.0236684997658663,0.114855903925169,0.126065371560959,0.138198030952548,0.151296203743674,0.260510460919605,0.458653080551942,0.670795388227595,0.830522602597244,0.102245223593263,0.147300303260806,0.207617757024897,0.284396592249031,0.447252760125199,0.50622669434486,0.565027861505312,0.622054583752776,0.19649706768606,0.229287252244931,0.000348056044206567,0.00157656921499872
"M00124","Random_slope",0.00667470693235444,0.0221459966824826,0.0264962561474985,0.0146163356595751,0.132887327155719,0.14076867378073,0.149037110363048,0.157702077320605,0.347550549372291,0.399304569083821,0.453409646348436,0.508638229117895,0.0791419750577543,0.100733599440076,0.127400907303432,0.159872802048382,0.332891755897531,0.366103042864796,0.400637821081469,0.436188652035086,0.0971436507610803,0.108890499513407,0.0208642835720573,0.609178342147608
"M00125","Random_slope",0.0486161554228748,0.124992711264332,0.0455245221090917,0.0380219055271735,0.212202816880187,0.304589654692645,0.415961289058862,0.53663087416909,0.543660921985966,0.806123677622285,0.935531847563741,0.980637619532601,0.245145114039709,0.338624492190066,0.446657581553721,0.559974969823961,0.457728624927367,0.552488151543979,0.643582637969947,0.725352061293171,0.274998850613432,0.312741802357216,4.42542508560022e-05,0.000108516997725098
"M00126","Random_slope",0.0742563981231322,0.101298180505012,0.0430517067538175,0.0286104767727895,0.338058065417396,0.51764362459159,0.692784130966528,0.825740037186023,0.67468194236802,0.85099417008255,0.940217690844649,0.977431728793884,0.323339782700006,0.423615576413832,0.530603848947061,0.634851195483536,0.565288488640535,0.633847470568102,0.697382227321806,0.754168204962246,0.209240625789664,0.232975626805405,1.55310972847301e-08,5.81026847277723e-05
"M00127","Random_slope",0.034589819252602,0.117338911567215,0.0378043622062537,0.0463031227154477,0.169788660283676,0.224222374181994,0.290011247710811,0.365996378482084,0.304707905072742,0.58623212661522,0.820803360799599,0.936742156618687,0.118188758718421,0.163604261230384,0.222076239636762,0.294097836887866,0.376552183446881,0.489707154057008,0.60392681681107,0.707833541777237,0.280356879041851,0.330519140401088,0.00161634262806678,0.000287320482547785
"M00129","Random_intercept",0.0541475556949635,0.0200459298173657,0.0344924916180512,0.0125764899852696,0.0567685939862502,0.0937356173005116,0.15092336164112,0.233992710098878,0.0909668720300165,0.108958216928865,0.129999006558415,0.154398896788295,0.0507973205077964,0.0702501045433392,0.0963957906491359,0.130902335491904,0.160443350833121,0.178115431179637,0.197276625846643,0.217952500489493,0.0137052463014319,0.0139209604764295,5.00874308144865e-13,0.129147732465606
"M00131","Random_intercept",-0.00327836149944861,0.0351428960226721,0.0358659979739018,0.0125141096128927,0.0727599708176096,0.0705789367746526,0.0684584539546264,0.0663971279429599,0.0591541594680668,0.0820206815349928,0.112667929484623,0.152859739553374,0.0246104357974062,0.0348575351444799,0.0491562189503734,0.0689015443183648,0.140011694589236,0.155769035567915,0.172943130074074,0.191581037522071,0.0209320121544689,0.0223638926405064,4.41271328802808e-05,0.390777470084147
"M00133","Random_slope",0.00713823685563695,-0.0248706760573569,0.0374694510563541,0.0345256970902205,0.144077748218513,0.153106122303234,0.16259277282455,0.172547468014608,0.0143531129714687,0.0112281669393372,0.00877752232872529,0.0068580422679202,0.200116249914452,0.266808950592336,0.346110806066842,0.434998838539616,0.117278622272025,0.157997982193424,0.209499791252786,0.272359106787083,0.309858529944658,0.326406789995179,0.0392370536279274,0.805782467785642
"M00135","Random_slope",-0.0356358580799955,-0.0588618065100754,0.0209906021027488,0.0542940178688851,0.0744684590588126,0.0533350697333379,0.03795318433035,0.0268814806178547,0.074433657599015,0.0427328054163165,0.0241804384570113,0.013568381882862,0.0457077870937621,0.0557878260471644,0.067932592812318,0.0824902437214709,0.0589403098965856,0.097304402855069,0.156487184363717,0.242015566807325,0.0293840756246438,0.0561423641468173,0.212463097284835,0.00777789901896289
"M00140","Random_intercept",0.00944430222109488,0.0376598294419691,0.0861501287171997,0.0544222234779267,0.481217440548854,0.504819204443586,0.52839950982788,0.551853755855124,0.52631842228656,0.618212804992435,0.702361311673355,0.774721458821913,0.419408784231615,0.63095138416387,0.801834822260802,0.905449977744694,0.359293102027099,0.491447992965535,0.624809022701504,0.741586942666619,0.0840010809967113,0.0874401774782904,3.0886230630246e-69,7.52670485862461e-07
"M00141","Random_intercept",0.0103851435937891,0.00729122547875006,0.042603128898196,0.0149130731898081,0.269099165841902,0.290007751815925,0.311847762050369,0.334557487248422,0.428450878642056,0.446391328997952,0.464472515831556,0.482647578870186,0.201151631811157,0.278265660227293,0.37120529333936,0.474766886099996,0.30074238028388,0.333002904695345,0.366908201953346,0.402184073201679,0.0267947040082488,0.0267947046554002,5.5330819035198e-13,0.0403174956595533
"M00165","Random_intercept",0.0527477775277151,0.0273141594830352,0.0206582385071702,0.026956689967056,0.319299206816188,0.442871450261216,0.573944069173868,0.695389687841111,0.494429987067989,0.562388317792482,0.628083141084218,0.689363183337863,0.516108067731863,0.567347459613378,0.61718556061891,0.664675834115745,0.540923181382919,0.606739337943478,0.668895435409676,0.725669365431115,0.0109279913055691,0.0128409012142955,3.98945478658948e-33,0.00761382819613705
"M00166","Random_intercept",0.0347531416639653,0.0235482016577185,0.0161431980793867,0.0217744391254914,0.257528680562476,0.329306851641566,0.410042348236669,0.495935364974447,0.317003451283714,0.370028365231231,0.426385644089891,0.484721983657896,0.35809192545342,0.395984833095784,0.435169170247562,0.47518055625013,0.415177271032296,0.468825790615714,0.52320471790655,0.577039026603364,0.00807562082859696,0.0080756216023478,1.485320962943e-08,0.612742365051516
"M00167","Random_intercept",0.0687245704687298,0.0347736368576687,0.0260110733126877,0.0333743108980081,0.342976751670053,0.509296170307167,0.673582813418832,0.804030847777071,0.589232414955485,0.670076151420553,0.741976301263666,0.802818214954407,0.608005305357177,0.667976231999355,0.722952944364522,0.771934617626057,0.609482144965693,0.685438477841495,0.752617643609856,0.809438418066994,0.0143907860354369,0.0188069960772488,2.98119742200041e-30,0.00765933407860055
"M00168","Random_intercept",0.0790424130383957,0.0448146217705669,0.132498516565306,0.0053965511806278,0.0952720121980899,0.188394821168386,0.33848564834514,0.530057251068492,0.198510698609791,0.279391411389116,0.377696678733612,0.487205300164382,0.000752792954029279,0.00282622800541589,0.0105502761238482,0.0385675982932022,0.304906651783923,0.316462889255312,0.328250281677294,0.340258168598989,0.30427216236605,0.341032039649584,3.27531754601459e-05,0.00906398022437139
"M00169","Random_intercept",0.00626878118905908,0.054153539518917,0.0191186610899364,0.000631090922465683,0.181763873117703,0.191273769895932,0.201158903025374,0.211421351232833,0.425166081866288,0.559697411055474,0.685996738982066,0.789681208814794,0.288973103617233,0.329777838554213,0.373319219372733,0.419015343625652,0.404692142919618,0.406213454517029,0.407736568037851,0.409261456301029,0.0853668490759041,0.0903468293066092,9.07926015446459e-06,0.0744199283980145
"M00170","Random_slope",0.0469376984474811,0.0308638817787612,0.047135848568543,0.0366938579499443,0.0934544550767561,0.141511769455994,0.208595359458408,0.296496776524266,0.127358113691443,0.16577336406993,0.212948268319284,0.269215606979898,0.0462781500910901,0.072135216375384,0.110761605515193,0.166362892851256,0.0987662526928422,0.13657063961706,0.185861077038377,0.247834919963551,0.0401631509369833,0.0639971530018751,0.00312632437879043,0.691064173553029
"M00171","Random_intercept",0.0229564548559584,0.0124267078034317,0.0153500335156003,0.00565103922800123,0.0883743689653961,0.108700619656914,0.133019778919135,0.161792126936022,0.0975932767340678,0.109097827360772,0.121775553488539,0.135702096140502,0.0843237430516168,0.0969573090001141,0.111253691423857,0.127360776526893,0.0839690643032368,0.0884191838102741,0.0930811819751811,0.0979625733566494,0.00213613382398896,0.00213613387043937,0.00014429497006783,0.888136766465661
"M00172","Random_intercept",0.0256971097497638,0.0274245022481165,0.0169222231585654,0.00263131944196314,0.154496801826884,0.191114065907904,0.234008011305191,0.28315904443465,0.228371373758933,0.280237221037219,0.338711789577383,0.402563494466704,0.147219217213281,0.169755997710935,0.194954075194402,0.222888347514746,0.283393805656702,0.288767855266471,0.294201975297647,0.299695266067294,0.022043888246685,0.0224600751401242,1.23273612451138e-05,0.49694928612721
"M00173","Random_slope",0.0268915183805869,0.0355210231581373,0.0183669801529843,0.013907347189858,0.264372767219365,0.319852828326737,0.380946432082192,0.446056305497266,0.369757651186877,0.455605615115333,0.544175473514348,0.6300366540317,0.266980901543924,0.304422726033892,0.344646613615363,0.38722658402553,0.359523482316615,0.392131938847077,0.425732030807534,0.460032317502422,0.0358468849788452,0.0438569107857,0.000540024183740526,0.0640783976702387
"M00176","Random_slope",0.0409709134286602,0.0414515836088267,0.0364185829880054,0.014183132761926,0.0672204162127629,0.097926148868299,0.140544649649462,0.19764724389613,0.0514194350972478,0.07582771342981,0.110472987856596,0.158237212016024,0.0247429345451185,0.0352305591446287,0.0499358912237094,0.0703318050035517,0.20816310548941,0.232508223884419,0.258770094281569,0.286889448876491,0.0527071124837197,0.136174540119446,0.0543966358377153,0.616365652511872
"M00307","Random_intercept",0.0321203737810414,0.162994347265483,0.04480616801921,-0.0112894204236448,0.808347344861957,0.853273640324583,0.889113197813854,0.917049576768031,0.68367226671728,0.91687634721054,0.982546145526385,0.996531402338878,0.784659304354069,0.850825449066908,0.899271079641068,0.933218499002144,0.915325311748186,0.906155231715333,0.896104775508543,0.885114415536742,0.0884331365343026,0.0922785017923929,3.1546005998757e-06,0.0450102171448292
"M00308","Random_intercept",0.0351087309329894,0.0170648256877005,0.0309841444243797,0.00808277848780719,0.197233935143171,0.258728918512523,0.331480138216909,0.41328278128914,0.436072587998568,0.478396316760314,0.521032503485536,0.563364463849937,0.347491722669604,0.420616884958505,0.497400000653209,0.574305945261631,0.386038351942765,0.405363052159248,0.424985508571772,0.444847237422632,0.0197722703404963,0.0262042914737727,3.44371946824099e-18,0.182221089396435
"M00309","Random_intercept",-0.0774384286183198,-0.261796383941892,-0.00144470246962579,0.0147502248522162,0.196569594110463,0.101355050168977,0.0494235009434238,0.0234071822285992,6.06432879843327e-07,4.42400628118086e-08,3.22736811047146e-09,2.35440545570094e-10,0.0175621916955522,0.0173146557616667,0.0170705481788706,0.0168298231627547,0.0466425554778626,0.0536579557033745,0.0616602810211902,0.0707667958655212,0.422494593548106,0.422494616281637,0.535832131073288,0.210309955918606
"M00344","Random_intercept",0.0361548871287198,0.0100286965907531,0.0100482842864668,0.0149699236641074,0.111810235112338,0.153055645609819,0.205987360161689,0.271359551111058,0.204639961052705,0.221446656476497,0.239218504042741,0.257944068684574,0.195671670244566,0.211970800861487,0.229240668543151,0.247475694097277,0.314976796668534,0.348133331994007,0.382829580179959,0.418762376195531,0.00890657970313671,0.00890658032273083,0.0022128459764085,0.620974240544195
"M00345","Random_intercept",0.0384074369306338,0.0160029527854095,0.0397718306610263,0.0161767472377405,0.159742836697225,0.218220216985243,0.290698506961078,0.375681338764143,0.531389235170325,0.570955787916993,0.609635741228703,0.646984611660291,0.327766493510184,0.420532939701136,0.519273519967432,0.616531185002515,0.34581116480785,0.38325957798324,0.422146432165357,0.462023090244867,0.037283162270226,0.0414245035580447,2.94171102728528e-21,0.121387882027278
"M00346","Random_slope",0.034962308924083,0.0156816683789424,0.0202624876039909,0.0164992217369466,0.137215578738329,0.184073594683623,0.242436889084577,0.312223997959105,0.264927862845035,0.296568061480316,0.330289121195469,0.36585025302694,0.170007109328246,0.200535313482833,0.234993382945485,0.273347945042006,0.206915132032897,0.235298741076547,0.266268671173288,0.299717205011782,0.0127053891474472,0.0174110303485056,0.000206315578369313,0.572802405598636
"M00357","Random_intercept",0.0188819554136338,0.0102047992892587,0.0104148220322949,0.0129289196336345,0.125558725319733,0.147796124082993,0.173191892171383,0.201917480762289,0.203347337826555,0.22037966475282,0.23841167440284,0.257431920388569,0.180368143880874,0.196280265252977,0.21323096035718,0.231224370723044,0.100369729737339,0.112661977710204,0.126248391137471,0.141212505908417,0.00670449730574393,0.00674703062782847,0.00405550035330693,0.976577558344107
"M00358","No_random",0.264972854280851,0.0758575010379466,0.00711853572822557,8.84292639113937e-14,6.58347446650349e-06,9.31493960100461e-05,0.00131646971236494,0.0183113034284549,0.00193186765976207,0.00411595765219997,0.00874764794561013,0.0184945898443059,0.0193211826775442,0.020717171407187,0.0222117382550094,0.0238115036515163,3.88818679461655e-09,3.88818679462001e-09,3.88818679462343e-09,3.88818679462687e-09,0.225221329016431,0.225221329016431,0.424161090362554,0.688499290138089
"M00364","Random_intercept",0.00982386253122972,0.00460447504242775,0.0102615504433033,0.056102987496691,0.22640683975659,0.244073651158167,0.262650975123174,0.282114580765772,0.4620460811509,0.47350894841021,0.484999809081207,0.496506550931666,0.171108499467792,0.186157176033509,0.202206489822557,0.219266684748286,0.179508716772806,0.277148640163105,0.401884350141725,0.540761862054077,0.0539999184791235,0.0737257532140123,0.0142506235060559,0.107971232541263
"M00365","Random_intercept",0.0107704015210097,0.00534697075791871,0.00174317187806371,0.0228043287359073,0.230364484251906,0.250011630054897,0.270744960340458,0.292527054613475,0.445855472881554,0.459101338700107,0.472405250791738,0.485748470913779,0.155714495518704,0.158019977802851,0.160353111566687,0.162714036406501,0.112272521552162,0.137087679381881,0.166359785874035,0.200430517363528,0.0508741464296182,0.0626804198446175,0.460243875987913,0.826832284499989
"M00366","Random_intercept",0.00708360108924579,0.00987458326895256,0.0084838160899275,0.0213539265118548,0.0436189705922581,0.0466713939801605,0.0499262727435052,0.0533954339042062,0.134841588246943,0.146782058505903,0.159584843230905,0.173277539376968,0.0837163626961081,0.0904581784181211,0.0976850418608889,0.105422351255252,0.056648065406603,0.0692000805439611,0.0842848621882201,0.102296554018128,0.00701590030917127,0.0117305884629264,0.0805188848555194,0.95269602550105
"M00367","Random_intercept",0.00896131496182088,0.0111040550874571,0.00211818519161255,0.0218308709200686,0.0572211500512048,0.062251742622058,0.0676928441292734,0.0735722119601106,0.175493643018211,0.192143573571629,0.209970883468766,0.228983402232931,0.101891883243599,0.103846643732213,0.105834486398887,0.107855800890784,0.075534467926316,0.0922624570813711,0.112245254473477,0.135908058662972,0.0114635486539561,0.0164343091194685,0.38338710506321,0.811810795305402
"M00368","Random_intercept",0.0255166598704937,0.0214113955595148,0.0116998056642758,0.012175886911263,0.202282587730651,0.246582639857386,0.296972691821007,0.352837696706189,0.216792787334001,0.255338175298171,0.298128154378949,0.344768951273692,0.251607442464305,0.274271101500053,0.298162881739147,0.323208991807208,0.228954169153223,0.251153992637162,0.27473935983023,0.299653299881445,0.00304379180280305,0.00304379188287718,0.000985645729891261,0.821160867245745
"M00373","Random_slope",0.0636181468284531,0.121283096336911,0.0722009851992059,-0.00772367275727429,0.0242171981866043,0.0447878953707953,0.0813746897745701,0.143363222885775,0.412631361790692,0.702604855839136,0.888207797456416,0.963924356176621,0.00591701127615481,0.0121047423572512,0.0246031598599997,0.0493616608842453,0.058428913838914,0.0543218520779746,0.0504880022977516,0.0469113100806317,0.521543729217301,0.560604247514403,0.000360632590215053,0.00159743677279898
"M00374","Random_slope",0.0136914200692059,0.0276354207920611,0.0100936947318014,0.0108868109593748,0.140339760898416,0.157684732741599,0.17673270302388,0.197542000795629,0.126386041959045,0.16017274585118,0.200914401394329,0.248947240970983,0.0946442516925149,0.103654204584381,0.113414439484841,0.123966607665184,0.210313004534814,0.228963761469302,0.248747493873683,0.269642839053182,0.0208730699129674,0.0360278097935978,0.0648831048575529,0.212877963486008
"M00375","Random_slope",0.0180196802248386,0.0281707125816304,0.0191907563439789,0.00975517370593047,0.0232055133951203,0.0276607700629508,0.0329425497401942,0.0391922251035261,0.0385919861047817,0.0505151096560417,0.0658695393666008,0.0854709350402011,0.0251523245349857,0.0303122160585333,0.0364910137616152,0.043872305077234,0.0234133661702378,0.0257507188060287,0.0283146437181015,0.0311256953812946,0.00557992548962933,0.0166166112761232,0.186190224304195,0.840703917206512
"M00377","Random_intercept",0.0147403286201103,0.0257184564490535,0.0307110102440784,0.0355202286133309,0.169509090861061,0.191281127696852,0.215125230195377,0.241055662713647,0.167000536451627,0.205894665675991,0.251116426908358,0.302487120300478,0.186648831821206,0.237791861164371,0.29781721832289,0.365724356516858,0.130053777579943,0.17576887334884,0.233244845334064,0.302614948425151,0.0144938763787788,0.0155384549737869,1.17124165161959e-26,0.644526481805919
"M00432","Random_slope",0.0512102421192517,0.0762241825962187,0.0658426297969443,0.04583033108147,0.509824407158446,0.634461525388893,0.743360267959157,0.828581881090131,0.127506883605761,0.238496054494658,0.40162453614933,0.589897355097249,0.278574781413137,0.427241217443511,0.590325323643407,0.735699825223102,0.383690424829343,0.496097568875596,0.608900595469081,0.711154257092128,0.0657917719312483,0.109572083006348,0.00165531204325016,0.429815250346673
"M00525","Random_slope",0.0369144871304416,0.0325252726068796,0.029378482845402,0.0235938201160697,0.277380104158941,0.357013599744968,0.445417180641884,0.537414940465228,0.28468207705558,0.355236154437552,0.432698776674504,0.513597677631949,0.355634934621893,0.425416713364592,0.498302246491755,0.57126000376917,0.284706664325889,0.335080514347829,0.389513676461341,0.446846918258006,0.0172553369293503,0.0259781858126264,1.66845626605526e-05,0.740499146534611
"M00526","Random_slope",0.0453830999440668,0.0724919907524646,0.0456905043640434,0.0384238223809518,0.372512354209739,0.483100744195665,0.595369572938716,0.698473475792241,0.336589502786475,0.511595433849747,0.683804196363497,0.817011501012541,0.434868411820734,0.548568849376668,0.657414840442364,0.75188667391911,0.34417433297399,0.435238719751296,0.530893037220095,0.624330000915811,0.041924068332559,0.0603474197230404,2.53677168377157e-07,0.0233747481654385
"M00527","Random_slope",0.0357171634434747,0.0606747013403662,0.0445073031040801,0.0299249544314906,0.413315231708722,0.501723631978184,0.590024386312052,0.67287953611169,0.38859649100433,0.538307623916324,0.681414171166526,0.79689913680786,0.482310055521678,0.59249366604719,0.694099776333618,0.779787725192137,0.38392066917535,0.456686273550649,0.531348648710919,0.604633387149624,0.0390849825235371,0.0527483397658859,1.37939701698765e-06,0.0745572306051806
"M00532","Random_slope",0.0267937291732206,0.0415538028472456,0.0266928323424777,0.0359184984678334,0.358271930461695,0.421910602577939,0.488252716585746,0.555011281224887,0.852656678248957,0.897626817425158,0.929998587715123,0.952673672607769,0.183609620817797,0.22703098719604,0.27723389612737,0.333744878468366,0.39487195464148,0.48308307221693,0.572361221736553,0.657162876195399,0.285059785046318,0.382143255125777,0.0300185702954663,0.961214111185235
"M00535","Random_slope",0.0239650605013655,0.069298867179789,0.044619626413656,0.0185559219457632,0.353900887674372,0.410406443961845,0.469379663321848,0.529220613687928,0.122894842198404,0.218862216288326,0.359088961672644,0.528386485764568,0.201881391886082,0.283253371542591,0.381736459450444,0.491003953496224,0.326564212872798,0.36860481780185,0.412740529989597,0.458324816286446,0.0323985132749409,0.061163599652981,0.0109212795992961,0.0577382757627072
"M00545","Random_intercept",-0.00972321942511226,-0.120629805973219,0.0227942042363965,0.0337174839076604,0.0877842751751476,0.0803038107370777,0.0734094905274723,0.0670639071743557,0.016931852476153,0.00512860444651872,0.00154054398914537,0.000461588060885929,0.0265940027580373,0.0331765216691132,0.0413191780607698,0.0513541692122327,0.0747812480342797,0.101717229866933,0.136919670512955,0.181838841771905,0.112637438786887,0.123307477109174,0.00155939448173426,0.071217788074889
"M00546","Random_intercept",-0.0236612598724232,0.0868242238884022,0.00796252351884272,0.032690278340595,0.0916471928184392,0.0737612085468261,0.0591386159589763,0.0472669103800403,0.00251022004960622,0.00596046047123078,0.0140860100902668,0.0329217853736246,0.0341926823966683,0.0369219775009006,0.0398601365817129,0.0430216624604163,0.0587585931445916,0.0796685145273958,0.107172216108764,0.142698715526806,0.0108926088024576,0.0262317393043611,0.142553429202848,0.127325099046297
"M00549","Random_slope",0.0860310053592932,0.0355195216713775,0.0398594563118313,0.0326680589347263,0.194785297254478,0.363801788119859,0.574786938545875,0.761644947499646,0.350795154280921,0.435277516062487,0.523693386703184,0.610648696108827,0.329578873295574,0.422749672823856,0.521760935337361,0.619091366304244,0.283301512105778,0.354009076774269,0.431733423674479,0.512971658396828,0.0291790881711993,0.0421380565610914,1.64777845308136e-06,0.115540513885724
"M00550","Random_slope",0.0824050229266168,0.0319899728235503,0.0370974412068826,0.017346989298864,0.0208003866463203,0.0461894472446131,0.0994219891841525,0.201071120067277,0.0297562232226113,0.040519473506966,0.0549554295679311,0.0741371143010776,0.0913069273143818,0.127104494605562,0.174245556001867,0.234179931230562,0.170431662724903,0.196375861684107,0.225197337817269,0.25689662511385,0.0485445664343864,0.0659017157849942,0.000152581029067558,0.137378399921461
"M00552","Random_intercept",0.0309159018004007,0.0204992417942401,0.0149358345975888,0.0302019131075259,0.210730692054611,0.266712295423207,0.331322739788914,0.402983397393616,0.258248125173293,0.299411561705424,0.344092534691372,0.391713165982461,0.295554423155156,0.327569230278898,0.361273423475272,0.396401167089121,0.310242256361617,0.378253500790744,0.451416592032339,0.526742061602029,0.0078537095796424,0.00812344884590063,6.50390801909268e-09,0.40688543157265
"M00554","Random_intercept",0.056444490403732,0.0300159502796039,0.047287147808728,0.023802526033699,0.109609542575884,0.177951150939662,0.275709288962578,0.400975797362078,0.252941663842153,0.313711377439149,0.381622930988445,0.454499754173198,0.0882636455800466,0.134452523360597,0.199522789662463,0.285690329361314,0.197010221933892,0.237386613487947,0.283120360951525,0.3338083006807,0.0473998578543729,0.0568913433909023,3.44187842262598e-12,0.49420790324749
"M00565","Random_slope",0.0664494827968443,0.0144712323998909,0.0194785307681064,0.0358517455619634,0.118830825968081,0.207665678622613,0.337476729223599,0.49748394686545,0.100356640213172,0.114198385923887,0.129674081166105,0.146899183969792,0.289212408002964,0.330831450508277,0.375277539479937,0.421929810327579,0.0956405873390176,0.131459873922581,0.178052998611089,0.236660328485022,0.0628456705165204,0.0830924808751375,0.0251787060327613,0.0160006156080253
"M00567","Random_intercept",0.0737270202416486,-0.00970337062695002,0.0233494215228891,0.103895830428153,0.00307482784374983,0.0064055991694813,0.013296268451598,0.0273950354599122,0.0425423996705909,0.0387607974651311,0.0353029483423854,0.0321432585918628,0.00795362326841071,0.0100245003858775,0.0126277064046448,0.0158960695801413,8.31538534466832e-05,0.000234979670570259,0.000663831440035119,0.00187389599832193,0.0113915575622014,0.0126397918992657,0.0835915001430694,0.32766880207207
"M00569","Random_slope",-0.0170940576203624,0.0234609881734086,0.0371339260240132,0.0467187271469604,0.126371266896483,0.108672617991968,0.0931883112757916,0.0797129858600747,0.0190384289852901,0.0239519076266628,0.030094564387534,0.0377516234252443,0.047789957364213,0.0678223979651136,0.0954105873249552,0.132624248815897,0.0620519708943231,0.0954759080863271,0.14413679720737,0.211791482599133,0.0375075486240611,0.0672475351172927,0.000647166386653693,0.0818658705000085
"M00570","Random_slope",0.0858789679875127,0.0786479498741555,0.0639345680643919,0.0477871657296246,0.32156008311661,0.528015169552988,0.725312368227978,0.861732838868882,0.207693745419809,0.365306868991602,0.558253164633989,0.735080714250536,0.339221888283086,0.493145932839347,0.648380409755143,0.777520210674021,0.306326361774242,0.415936074886481,0.534543085682709,0.649368482128636,0.0564801149263563,0.107619985428049,8.19883586813743e-05,0.0867907242024759
"M00572","Random_intercept",0.00945327600411672,0.0414089742108587,0.0138464587138044,0.0411845943479069,0.115271988110459,0.12526899219902,0.135999716400097,0.14749465557018,0.3210079829853,0.417011506021688,0.519748747094261,0.620842525236283,0.305773721987688,0.335929274814459,0.36748453742763,0.400217524721818,0.537736559887904,0.637164840382828,0.726100208062704,0.800076356849851,0.0717816463350532,0.0775370672862145,1.87188536774677e-06,0.0606237467606861
"M00573","Random_slope",0.00756958729953227,0.0729896152006309,0.0413529644116494,0.0254964369548401,0.0987090521719556,0.105650931708767,0.113019791499042,0.120833169380432,0.190748482396895,0.328438078722168,0.50365949716453,0.677986608274196,0.0688763009962196,0.100602287534284,0.144671408451077,0.203673501580653,0.312342618446365,0.369531867090021,0.430634896937212,0.49392607580925,0.15268549757566,0.18146093280859,0.00036846517092748,0.00300728282716808
"M00577","Random_slope",0.00695823393754025,0.0732476389203692,0.0427712526814381,0.0252358461165247,0.0996082018812118,0.106024975750375,0.11280333110692,0.119956889405173,0.190119414679941,0.328107281726907,0.503929504144735,0.678785212575973,0.0694240112146848,0.102674174090118,0.149294404358219,0.212079938791385,0.313715418630391,0.37041248512376,0.430922297199987,0.493567671137348,0.150770700813432,0.179745505013246,0.000268521635190363,0.00285881102542299
"M00579","Random_intercept",0.0984556935001388,0.0240028875569993,0.0354397474751283,0.0537141416249656,0.188135161548493,0.382815162043806,0.624089017493119,0.816302945157909,0.358038051965062,0.414871928039234,0.474065294006806,0.533996680935426,0.620132487884851,0.699413819541033,0.768330030647066,0.825390280118369,0.252325430192475,0.366071673263766,0.497008700771919,0.628357307403396,0.0705217340970332,0.072751433534805,9.65983080276003e-15,0.0464219458067513
"M00580","Random_intercept",0.0682006723279843,0.0143235761284089,0.0202352849017941,0.0236635683873625,0.0167755665764615,0.0326439455831038,0.062567398901723,0.116613910806575,0.0221512637970986,0.0254756930159292,0.0292841061408159,0.0336421925587449,0.059345699883895,0.0717013994616212,0.0863932772578795,0.103759089513168,0.218382752925261,0.261443344397925,0.309631094668814,0.362343092324934,0.0375724786185039,0.0536746187628433,0.00850098837982,0.786420040226976
"M00596","Random_slope",0.0164484153083788,0.0555788748310509,0.0307154763783159,0.0176457145885238,0.0333051705449644,0.0390272455533843,0.0456859544149171,0.0534175999881459,0.0267534397027778,0.0457302819408252,0.0771014730885787,0.127126481555631,0.0212878888578726,0.0287221364710236,0.038650077167972,0.0518265476650787,0.0566405456723646,0.0668406118647425,0.0787242599817252,0.09251125335629,0.0181669709648529,0.07516569221717,0.254340373073616,0.663713624478507
"M00609","Random_slope",0.0496920708737338,0.0223027736597357,0.0235485955906816,0.0242965185833494,0.157408895858677,0.234923799866415,0.335415154281387,0.453417279072741,0.255883953836538,0.300599394844701,0.349459134341671,0.40169928055256,0.281400982721214,0.331360772529338,0.385432909697107,0.442489401176927,0.196230923260198,0.237387777536544,0.284125365280519,0.336010415175781,0.0131665403307949,0.0193722225667345,7.54235905534235e-09,0.345589365659244
"M00620","Random_slope",0.00592813733182654,0.0221134834500892,0.00150694831050876,0.00293599395305616,0.127967568848199,0.134730051649034,0.141791792463822,0.149159861663871,0.160860596141381,0.192989034409719,0.229777311294215,0.271221460120944,0.152829973074829,0.154791287685464,0.156773114590878,0.158775548707367,0.141243646675245,0.144842475813284,0.148517143186143,0.152268437379591,0.00742115862488234,0.0119722446279711,0.515521272737378,0.256064271033937
"M00622","Random_intercept",-0.0453381109092169,-0.283056584582006,-0.0178644627092492,-0.0513579356613135,0.0278767482641671,0.0178968651503523,0.0114477095309474,0.00730522800607144,1.67509932753019e-09,9.87964722629004e-11,5.82696366519773e-12,3.43671234153105e-13,0.0133212096257613,0.0111662354570978,0.00935656596245228,0.00783785805535925,0.0644719301235963,0.0396022886747491,0.0240790381314359,0.0145483958166221,0.446574548946707,0.448654639502111,0.0204921037710574,0.679068005870724
"M00631","Random_slope",0.0957315612185299,0.0201314575576406,0.0399730102358298,0.029862184222325,0.0262222271359528,0.0655429451874604,0.154472516599335,0.32242955068337,0.330969323094755,0.376955771194312,0.425270252430213,0.475055601696216,0.227230485666709,0.304854645979899,0.395427109653394,0.493793901488245,0.185498538845343,0.234889087096867,0.292704384429608,0.35809001502511,0.0432860563914611,0.0753907302235023,0.000498942728532492,0.0145276561692156
"M00632","Random_intercept",0.0575778857539801,0.0302725426863741,0.0438567878209827,0.0295638413578989,0.243406544441829,0.363937625542161,0.504366069152191,0.644109026546815,0.487298513349402,0.562646203588877,0.635210038698606,0.70210866250474,0.27755438512301,0.373306597870831,0.480138084456581,0.588817319346502,0.297952340208276,0.363216803019037,0.433940707304334,0.507461318360139,0.0450525331986348,0.0497469221642572,5.15394806750702e-37,0.308228535776633
"M00740","Random_slope",0.0510241360018664,0.0456029127481525,0.023910270274406,0.0221177774659601,0.0401918969559211,0.0652028359502646,0.104089888768863,0.162146382066062,0.0341805544940369,0.0528854957558835,0.0809683851042013,0.122042094734831,0.0411863940854826,0.0517356590993491,0.0648043319176045,0.0808926006791423,0.0844682079318727,0.103219615672032,0.125562814605677,0.151923139162882,0.0104581955900718,0.0258381011688466,0.00358080256574704,0.154778021345192
"M00741","Random_slope",0.0666339468517489,0.121306619178019,0.0678944337371021,-0.00300214629117511,0.0263655858189797,0.0500856716543479,0.0931051207069755,0.166594460002071,0.419531637967945,0.708553649154895,0.891042674645256,0.964922985036092,0.00717559913417923,0.0140508316612883,0.0273321530980427,0.0524989667940376,0.04965790295946,0.0482601329448043,0.0468997656799499,0.0455759084589506,0.509948786088591,0.557312311557572,0.000264284545290944,2.77069631846085e-05
"M00793","Random_intercept",0.0556907136159638,0.07336195293821,0.0510213834112602,0.047450290260718,0.175456278413592,0.270806784114131,0.393260807023175,0.530781306218099,0.579582921629261,0.741672768240935,0.856718791436742,0.925664282730489,0.263107150058291,0.372930034101637,0.497636651916792,0.622638004652472,0.35722225779274,0.471795486269788,0.589419213201947,0.69763641610249,0.153586017271559,0.19417594708186,2.79661914153828e-52,0.362176697892881
"M00835","Random_intercept",0.00480184623688403,0.0249401565560663,0.00973832384067511,0.0285331638245624,0.0183715272176175,0.0192578199004105,0.0201859905152737,0.0211579311522047,0.00108677290753909,0.00139418002428527,0.00178838535806125,0.00229379648577695,0.0127147456383771,0.0139970413936672,0.0154066399935356,0.0169557537489225,0.0234915520057557,0.0310080067389067,0.0408289020483631,0.0535882642507557,0.0140664565010944,0.0205764842467216,0.149823135075609,0.858762606615682
"M00840","Random_intercept",0.0334710458126404,0.0208525546991643,0.0227018782289555,0.016991948281689,0.101016755570504,0.135724142167716,0.179969066465632,0.234720331132248,0.270020896231517,0.313030124346323,0.359515998339865,0.408797199485775,0.0933381062162298,0.1144042480635,0.139493448814885,0.169034588960359,0.152310191605669,0.175566858506214,0.201530403447685,0.230261158698869,0.0377933047462798,0.0459578427788923,1.87768511516797e-10,0.842888457233937
"M00841","Random_slope",0.0458083977385297,0.0382910970310548,0.0369640677044796,0.0300072520291123,0.189740711187414,0.270199256971982,0.369228521106383,0.480648692813054,0.403715838630351,0.498226231641339,0.592863545899815,0.681077252613511,0.13632393950756,0.185953154469635,0.248452552457964,0.323607585677375,0.253358033577737,0.314166968188741,0.382101696157679,0.454981104979926,0.0948367865755921,0.1201945510031,0.000308274034164929,0.803082275304477
"M00842","Random_intercept",0.024261216945426,0.0230348911369086,0.0366348825324435,0.0117591372936083,0.251786942408064,0.300169186308939,0.353456474207925,0.410652653072606,0.491469780052825,0.548899378370311,0.60505518727312,0.65856874206127,0.0906079402381346,0.125660421254041,0.171712775933132,0.230198982877843,0.241768406970273,0.263973534662752,0.287444940951137,0.312118324249634,0.110001514011636,0.1214732863569,1.32187871169295e-09,0.386023368033765
"M00843","Random_intercept",0.024261216945426,0.0230348911369086,0.0366348825324435,0.0117591372936083,0.251786942408064,0.300169186308939,0.353456474207925,0.410652653072606,0.491469780052825,0.548899378370311,0.60505518727312,0.65856874206127,0.0906079402381346,0.125660421254041,0.171712775933132,0.230198982877843,0.241768406970273,0.263973534662752,0.287444940951137,0.312118324249634,0.110001514011636,0.1214732863569,1.32187871169295e-09,0.386023368033765
"M00844","Random_slope",0.109509703801365,0.0625311006415257,0.0625483121020446,0.0476127553252179,0.432196196105395,0.694703295787992,0.871836797409821,0.953130952410807,0.179897215904162,0.290752325049344,0.433785698553696,0.588771467021234,0.428058454241936,0.583147105060913,0.723359841630738,0.830147408171263,0.378884796697868,0.495460916784247,0.612532664631696,0.717905996418316,0.0787325063869994,0.120393080998396,0.000460146258201942,0.226157899232156
"M00845","Random_slope",0.030632709394422,0.0374608322445489,0.0393809692487483,0.0334828513405702,0.297069082226784,0.364712839880829,0.438158338775589,0.514417845484087,0.154548801431568,0.210028735799393,0.278855885571452,0.359960505300872,0.209068412767564,0.281559266847565,0.367506123537102,0.462788713825909,0.217101935978924,0.279326067110114,0.35138006612524,0.430907394639004,0.0240860773431904,0.042973244870978,0.0020302303011005,0.875925408967647
"M00846","Random_slope",0.0355299301406309,0.0131960685432217,0.0244336184772336,0.0409310134686194,0.198879534505264,0.261533618834411,0.335655960302906,0.418869935855706,0.247401747907219,0.272781208189266,0.299727323000348,0.328134194008287,0.32598061392445,0.381759956887284,0.440841249561441,0.501646892595252,0.382692513394215,0.48280046562129,0.584308291972368,0.679134023916092,0.0286517158452843,0.0808999237249913,0.0454934683665495,0.167919433646686
"M00848","Random_intercept",0.0152610168703477,0.00468727788047165,0.00798578030356784,0.00345981105718118,0.0630779457375034,0.0727213750610234,0.0837073848204932,0.0961809039885892,0.107575508049964,0.112158904259044,0.116911999245806,0.121838879922138,0.095245185814723,0.102352776012036,0.109926321503466,0.117986608919214,0.111291781617491,0.114760036718361,0.118321985066139,0.121979256139159,0.000875578452300675,0.000875578511496454,0.0360893257724533,0.952817248030064
"M00849","Random_slope",-0.0148319204226572,0.0145627771095854,0.0305489685404883,0.00401391886013804,0.151388767711188,0.133302477532276,0.117078832499801,0.102595960628411,0.105280936116281,0.11980799583404,0.136034786175274,0.154074622672143,0.0900298786197567,0.118388438775484,0.154166310909409,0.198324217828001,0.114530935897531,0.118665004529976,0.122927578935415,0.127321149810395,0.00710839723791288,0.0404045503963901,0.0124729722907879,0.0449251663980304
"M00854","Random_slope",0.122284007833548,0.0215008705252702,0.0305700336626803,0.0307889887766591,0.313095135568546,0.607580049661606,0.840236854729252,0.946991182973565,0.437678723767595,0.491106059881113,0.544737336400492,0.597350574641933,0.742361980189447,0.796406070956591,0.841533427644684,0.878188062163482,0.490060379969719,0.566632824503274,0.640150186802788,0.707630974416913,0.0571873219642476,0.094701662779894,0.00704219843547431,0.0237742131711533
"M00855","Random_slope",0.0755105654456996,0.0410899538562081,0.0277783085782914,0.0339383849871711,0.207859858056104,0.358295793631871,0.542977951722275,0.71655618369803,0.556607077899,0.654369698654825,0.740621691039507,0.811548251485141,0.569590884749933,0.635981609117553,0.69756901270127,0.752786892282627,0.378381308513528,0.460820342103348,0.545459929145344,0.627551536177575,0.03101468542512,0.0941648011229832,0.00915628335251047,0.104509130368803
"M00866","Random_intercept",-0.215597002959105,0.0525662846653657,0.106149434469833,0.048960761307169,1.34393722623033e-09,1.55615587726196e-10,1.80188558254689e-11,2.08641801225467e-12,0.51896823954935,0.646015926273639,0.755328282245074,0.839282329102055,0.00128027584154549,0.00369194058679888,0.0105982671636225,0.030034447272257,0.528610657651751,0.646610988877827,0.749093417177771,0.829684176802295,0.748828318967626,0.758884655543766,1.43591243795921e-25,0.0190018654414609
"M00868","Random_slope",0.0319978197647786,0.0197311123973266,0.0192962356549494,0.0378732396463582,0.0835099785723173,0.1114904109386,0.147338665543767,0.192219803864049,0.113624271744301,0.135060975456477,0.159812806955218,0.188114207106427,0.0768999775938617,0.0917652117613655,0.109164166489788,0.129392036195656,0.201837128785409,0.269705116723594,0.350376015131439,0.4406179774556,0.0283214733576672,0.0916803203815471,0.082650675851112,0.356989929119504
"M00873","Random_intercept",0.0475015072950749,0.0243567637991703,0.0196226235648545,0.0249606890213401,0.0203630402764046,0.0323440828000507,0.0510073941564273,0.0795545104095693,0.208281767471737,0.251289617266384,0.299815104300096,0.353289517643982,0.140468157256396,0.165870567868639,0.194825525334153,0.22745666969558,0.192729612493275,0.234555668346206,0.282284737860051,0.335469494201278,0.0310037712898781,0.034801548323133,6.13580497700305e-10,0.776594623313213
"M00874","Random_intercept",0.00829840120713733,0.0267543170911049,0.018368696467352,0.0282358924240783,0.112373333756492,0.120920656891133,0.130022872430829,0.139701366140709,0.326162199298317,0.387448173908584,0.4525164531336,0.519249202624959,0.259689555308104,0.296526054163731,0.336214704609617,0.378358400429579,0.302758105135316,0.365437777145416,0.433034660584838,0.503219586625959,0.0299142791103896,0.0340687276004857,1.8530748386296e-12,0.572495572314682
